AGEB_ID,Males,Females,0-14 years,15-64 years,65+ years,yes,no,Roman Catholics,Protestants,No religion,Population,Area,Density,Other religion
3103600010155,52,55,38,66,3,64,5,88,5,14,,,,
3103600010136,932,936,479,1212,177,1241,148,1428,252,187,,,,
3103600010102,826,806,409,1078,145,1046,177,1271,214,147,,,,
3103600010085,50,56,29,73,4,65,12,100,6,,,,,
3103600010121,639,682,324,912,85,904,93,963,210,146,,,,
310360001009A,909,852,426,1192,143,1211,124,1379,223,158,,,,
3103600010117,8,7,3,11,,12,,9,,6,,,,
3110100010225,988,1077,460,1456,149,1575,30,1670,271,122,2065,0.12565km²,16435/km²,
311010001023A,1059,1154,499,1583,131,1669,45,1709,317,182,2213,0.15244km²,14517/km²,
3110100010206,2023,2088,780,2751,578,3172,159,3440,446,207,4111,0.99497km²,4132/km²,3
3110100010333,1609,1639,723,2211,314,2406,119,2629,417,202,3248,0.87435km²,3715/km²,
3110100010314,701,713,382,977,55,1011,21,1091,181,141,1414,1.042km²,1357/km²,
3110100010210,1970,1910,940,2785,155,2863,77,2938,674,258,3880,0.85616km²,4532/km²,
3110100010348,1833,1794,885,2542,196,2631,111,2568,714,339,3627,1.259km²,2881/km²,
3110100010494,1078,1102,358,1509,313,1733,89,1723,322,133,2180,0.56593km²,3852/km²,
3110100010475,961,1080,396,1469,176,1618,27,1535,267,235,2041,0.41280km²,4944/km²,3
3110100010418,27,28,21,29,5,34,,45,9,,55,0.067580km²,813.9/km²,
3110100010526,55,69,39,85,,81,4,83,37,4,124,0.29223km²,424.3/km²,
311010001048A,,,,,,,,,,,0,0.31371km²,0/km²,
3110100010545,458,480,273,654,11,655,10,583,171,180,938,0.087430km²,10729/km²,4
3110100010386,158,173,91,222,18,233,7,213,74,44,331,0.061480km²,5384/km²,
3110100010390,81,87,49,118,,119,,118,21,29,168,0.17199km²,976.8/km²,
3110100010403,815,843,561,1076,21,1068,29,1116,330,201,1658,0.15577km²,10644/km²,8
3110100010507,1338,1299,740,1795,102,1838,59,1895,488,254,2637,1.124km²,2346/km²,
3110100010193,1594,1628,785,2236,194,2276,161,2077,711,423,3222,0.64308km²,5010/km²,
3110100010511,28,23,13,36,,38,,23,21,6,51,0.014080km²,3622/km²,
3110100010329,56,44,26,66,8,65,9,68,21,11,100,0.078930km²,1267/km²,
3110100010579,195,208,131,270,,272,,266,80,57,403,0.059670km²,6754/km²,
3110100010189,2794,2708,1453,3774,275,3805,244,3880,1037,583,5502,1.320km²,4169/km²,
3110100010564,1026,1104,654,1453,23,1460,16,1399,397,325,2130,0.26007km²,8190/km²,9
3110100010583,73,67,40,100,,97,3,102,19,18,140,0.12668km²,1105/km²,
3110100010456,226,203,96,310,23,313,20,306,44,79,429,0.38010km²,1129/km²,
311010001055A,3036,3163,1853,4243,103,4295,51,3948,1097,1124,6199,0.55566km²,11156/km²,16
3110100010460,2340,2418,1251,3288,215,3418,89,3490,665,586,4758,1.144km²,4161/km²,10
3110100010441,807,803,418,1154,38,1160,32,1264,272,64,1610,0.16274km²,9893/km²,10
3110100010422,73,93,35,125,6,131,,129,27,9,166,0.84125km²,197.3/km²,
3110100010352,53,43,31,59,6,58,7,54,21,21,96,0.20367km²,471.4/km²,
311010001030A,191,169,111,242,7,240,9,209,82,69,360,1.835km²,196.2/km²,
3110100010437,274,279,121,416,16,427,5,388,106,59,553,0.25267km²,2189/km²,
3105000015329,1067,1132,347,1510,335,1782,70,1660,313,218,2199,0.33978km²,6472/km²,
3105000012466,1500,1549,541,2207,301,2449,59,2289,357,390,3049,0.45762km²,6663/km²,8
310500001249A,556,652,130,898,180,1074,4,949,65,180,1208,0.39085km²,3091/km²,5
3105000015827,997,1035,541,1427,64,1486,5,1454,269,296,2032,0.29500km²,6888/km²,13
3105000014706,1579,1643,825,2297,100,2375,22,2329,473,418,3222,0.31835km²,10121/km²,
3105000013784,1899,1939,728,2961,145,3084,26,2911,566,353,3838,0.32493km²,11812/km²,
3105000013695,762,824,285,1189,101,1277,24,1164,229,168,1586,0.46969km²,3377/km²,7
3105000010760,1659,1730,652,2232,499,2611,126,2633,452,281,3389,0.42019km²,8065/km²,6
3105000013515,1836,1865,1036,2557,108,2648,17,2733,586,366,3701,0.54861km²,6746/km²,12
3105000015259,483,538,132,697,182,860,29,828,88,91,1021,0.45294km²,2254/km²,
3105000016223,,,,,,,,,,,0,0.015300km²,0/km²,
3105000011858,1660,1729,759,2299,314,2515,115,2151,828,393,3389,0.54272km²,6244/km²,
3105000010614,1294,1492,389,1837,560,2356,41,2267,262,248,2786,0.69360km²,4017/km²,9
3105000014814,1605,1765,775,2493,102,2585,10,2668,403,294,3370,0.55058km²,6121/km²,
3105000016736,69,91,33,115,12,127,,120,16,23,160,0.70725km²,226.2/km²,
310500001021A,715,856,169,980,418,1388,14,1205,112,232,1571,0.50301km²,3123/km²,12
3105000013958,542,514,235,800,21,812,9,872,91,91,1056,0.076380km²,13826/km²,
3105000011542,833,882,257,1302,156,1453,5,1444,105,156,1715,0.53301km²,3218/km²,5
3105000012589,587,683,133,947,152,1137,,1117,33,78,1270,0.53362km²,2380/km²,
3105000010629,905,968,234,1291,348,1615,24,1397,180,283,1873,0.48450km²,3866/km²,10
3105000010493,1232,1483,307,1793,615,2366,42,2209,171,315,2715,0.74077km²,3665/km²,13
3105000015742,1087,1121,541,1579,88,1653,14,1596,346,264,2208,0.48528km²,4550/km²,
3105000011468,716,796,188,935,377,1303,21,1238,101,140,1512,0.53782km²,2811/km²,5
3105000014513,1423,1555,489,2328,161,2473,16,2360,367,236,2978,0.31573km²,9432/km²,5
3105000012856,580,593,216,823,134,932,25,910,186,75,1173,0.23779km²,4933/km²,
3105000016702,901,1056,540,1356,57,1414,3,1559,201,186,1957,0.51772km²,3780/km²,7
3105000011523,892,903,266,1319,210,1521,8,1450,170,175,1795,0.48152km²,3728/km²,
3105000014301,240,215,86,360,9,365,4,319,48,87,455,0.032470km²,14013/km²,
3105000014320,226,220,109,325,12,337,,313,75,56,446,0.22146km²,2014/km²,
3105000010718,2275,2427,899,3160,631,3733,70,3603,638,439,4702,0.72285km²,6505/km²,9
3105001116280,15,12,9,15,3,18,,15,,10,27,0.030870km²,874.6/km²,
3105000936346,,,,,,,,,,,0,0.040050km²,0/km²,
3105000012678,1333,1360,591,1894,199,2048,54,1981,408,267,2693,0.35350km²,7618/km²,20
3105000016399,518,551,204,711,154,845,20,865,137,67,1069,0.23877km²,4477/km²,
3105000013407,530,521,231,727,79,786,34,700,218,119,1051,0.23954km²,4388/km²,
3105000014547,221,238,96,349,10,360,3,322,75,58,459,0.039890km²,11507/km²,
3105000013233,1002,1060,396,1426,232,1601,65,1674,246,133,2062,0.42536km²,4848/km²,
3105000012682,999,1009,404,1312,276,1552,52,1458,320,209,2008,0.24153km²,8314/km²,
3105000013125,1323,1432,728,1834,193,1958,69,1733,685,336,2755,0.48403km²,5692/km²,
3105000012269,1408,1546,541,2136,277,2377,36,2255,434,263,2954,0.27769km²,10638/km²,
3105000010597,1284,1370,471,1795,388,2112,71,1984,509,157,2654,0.58549km²,4533/km²,3
3105000014034,2011,2202,910,3126,176,3219,84,3159,663,305,4213,0.45434km²,9273/km²,5
3105000013163,1174,1244,531,1572,310,1826,61,1792,285,332,2418,0.27050km²,8939/km²,4
3105000015314,1007,1096,385,1363,355,1678,40,1682,287,132,2103,0.30761km²,6837/km²,
310500001651A,833,922,309,1332,114,1439,7,1276,264,204,1755,0.34600km²,5072/km²,4
3105000010652,1601,1693,568,2194,510,2680,46,2751,355,161,3294,0.46920km²,7020/km²,3
3105000014000,1295,1297,653,1788,151,1825,114,1538,722,326,2592,0.68283km²,3796/km²,4
3105000012663,1327,1450,543,2054,177,2203,31,2144,316,306,2777,0.39477km²,7034/km²,
3105000010309,1070,1191,286,1538,437,1945,30,1890,194,170,2261,0.48663km²,4646/km²,6
310500001053A,1911,2179,562,2639,889,3471,57,3474,283,306,4090,0.84279km²,4853/km²,6
3105000016079,1009,983,612,1347,33,1361,19,1315,348,315,1992,0.44569km²,4469/km²,8
3105000014316,854,862,425,1238,53,1281,10,1270,277,165,1716,0.15230km²,11267/km²,4
310500001548A,1040,1012,593,1409,50,1440,19,1416,333,292,2052,0.32816km²,6253/km²,10
3105000012803,1105,1196,408,1729,155,1870,23,1850,201,238,2301,0.21570km²,10668/km²,
3105000010489,1202,1383,370,1699,516,2181,34,2104,290,173,2585,0.75470km²,3425/km²,13
3105000012216,1972,2316,657,3104,525,3612,19,3247,475,504,4288,0.77940km²,5502/km²,49
3105000014886,1675,1799,929,2435,110,2520,25,2672,526,263,3474,0.38305km²,9069/km²,10
3105000015102,1147,1384,319,1821,391,2198,14,2117,214,194,2531,0.37427km²,6762/km²,
3105000015070,961,1001,378,1274,308,1549,35,1553,234,162,1962,0.30756km²,6379/km²,8
3105000013962,801,861,335,1211,116,1312,15,1222,196,242,1662,0.55405km²,3000/km²,
3105000015047,704,778,342,1074,66,1084,56,1096,234,151,1482,0.67682km²,2190/km²,
3105000016238,316,320,147,454,35,489,,459,98,74,636,0.096760km²,6573/km²,5
310500001224A,966,991,427,1417,93,1499,31,1391,348,196,1957,0.49202km²,3977/km²,
3105000016435,378,395,160,546,39,605,8,476,175,93,773,0.71146km²,1086/km²,
3105000010563,1361,1640,401,1950,650,2573,27,2528,233,234,3001,0.53578km²,5601/km²,6
3105000012396,610,808,164,868,386,1248,6,1199,74,128,1418,0.59429km²,2386/km²,4
3105000013394,810,848,364,1176,118,1237,57,1177,295,185,1658,0.25808km²,6424/km²,
3105000014566,2427,2647,916,3792,366,4133,25,3866,474,704,5074,1.885km²,2692/km²,21
3105000013587,37,41,9,51,18,69,,28,41,9,78,0.046950km²,1661/km²,
3105000014890,1359,1396,731,1938,86,2013,11,1878,441,433,2755,0.39038km²,7057/km²,3
3105000013727,1159,1325,414,1912,158,2059,11,1913,320,243,2484,0.26191km²,9484/km²,
3105000015282,719,801,228,1018,274,1272,20,1325,95,98,1520,0.22691km²,6699/km²,
3105000012979,1261,1339,546,1726,323,1977,77,1995,351,236,2600,0.35777km²,7267/km²,7
3105000012555,1110,1245,391,1633,317,1909,55,1908,264,159,2355,0.45018km²,5231/km²,
3105000013248,154,154,74,211,19,227,7,235,60,9,308,0.11808km²,2608/km²,
3105000014867,490,644,117,710,306,1011,6,941,38,138,1134,0.25067km²,4524/km²,17
310500001263A,1483,1630,609,2092,412,2442,62,2299,510,282,3113,0.54894km²,5671/km²,6
3105000015263,673,777,139,925,382,1275,36,1237,107,101,1450,0.35074km²,4134/km²,
3105000013267,2355,2545,1004,3580,316,3831,65,3817,631,443,4900,0.88595km²,5531/km²,7
3105000014087,451,580,120,587,324,904,7,899,54,74,1031,0.31561km²,3267/km²,4
310500001612A,1660,1659,755,2328,236,2499,65,2509,498,309,3319,0.60572km²,5479/km²,3
3105000014477,374,351,137,524,64,578,10,483,116,113,725,2.918km²,248.5/km²,4
3105000010169,679,901,153,979,447,1408,19,1334,85,146,1580,0.87287km²,1810/km²,3
3105000010633,1904,2047,645,2621,685,3246,60,3326,361,241,3951,0.61915km²,6381/km²,12
3105000015278,649,778,201,961,265,1212,14,1194,131,97,1427,0.25095km²,5686/km²,5
3105000011913,986,1105,277,1502,310,1790,24,1653,267,163,2091,0.44941km²,4653/km²,6
3105000844053,204,211,100,298,17,315,,328,51,35,415,0.17618km²,2356/km²,
3105000016115,1332,1366,600,1833,256,2061,37,2141,354,188,2698,0.44445km²,6070/km²,5
3105000014119,846,951,210,1135,451,1567,20,1496,112,169,1797,0.40041km²,4488/km²,10
3105000015140,1446,1598,594,2192,258,2425,25,2279,533,222,3044,0.36738km²,8286/km²,
3105000011631,1330,1333,542,1845,262,2061,60,1817,519,312,2663,0.34022km²,7827/km²,
3105000010756,1103,1247,417,1540,375,1877,56,1881,259,192,2350,0.52001km²,4519/km²,
3105000015244,403,446,98,547,202,731,20,723,41,80,849,0.22698km²,3740/km²,
3105000012470,808,923,277,1186,257,1433,21,1220,274,215,1731,0.52349km²,3307/km²,5
3105000756026,15,14,10,19,,19,,22,7,,29,0.024310km²,1193/km²,
3105000012818,1080,1174,466,1593,195,1751,37,1646,304,220,2254,0.31538km²,7147/km²,
3105000015418,1347,1482,539,2078,209,2290,,2287,208,295,2829,0.45716km²,6188/km²,8
3105000013981,878,972,387,1309,154,1442,21,1379,254,196,1850,0.41428km²,4466/km²,13
310500001637A,828,920,262,1082,404,1468,18,1450,196,95,1748,0.15961km²,10952/km²,
3105000015583,1533,1765,705,2332,261,2585,8,2611,289,366,3298,0.98830km²,3337/km²,17
3105000013214,799,786,334,1176,75,1208,43,1258,208,119,1585,0.28365km²,5588/km²,
3105000012998,1166,1250,447,1691,278,1919,50,1857,350,206,2416,0.38701km²,6243/km²,
3105000014227,558,639,149,879,169,1044,4,985,100,102,1197,0.15489km²,7728/km²,9
3105000015051,533,605,200,783,155,931,7,980,55,103,1138,0.46875km²,2428/km²,
3105000013939,1022,1234,253,1657,339,1995,8,1923,95,214,2256,0.68094km²,3313/km²,6
3105000012983,606,624,236,850,144,963,31,895,225,110,1230,0.24763km²,4967/km²,
3105000014208,1601,1604,663,2261,275,2453,89,2291,618,287,3205,0.44634km²,7181/km²,
310500001320A,735,763,376,1024,98,1077,45,1160,230,104,1498,0.17000km²,8812/km²,
3105000012432,750,922,164,1004,504,1501,7,1415,132,123,1672,0.32920km²,5079/km²,
3105000013144,1466,1465,573,1970,344,2242,116,2099,518,270,2931,0.37183km²,7883/km²,
3105000016492,1180,1233,519,1740,154,1849,45,1977,175,231,2413,0.67204km²,3591/km²,6
3105000016539,252,339,90,466,35,501,,492,24,65,591,0.33709km²,1753/km²,4
3105001116295,82,72,54,93,7,92,8,111,25,18,154,0.23197km²,663.9/km²,
3105000011665,584,615,270,828,89,905,24,940,169,78,1199,0.21778km²,5506/km²,
3105000010544,1050,1254,301,1472,531,1987,16,2038,159,102,2304,0.43693km²,5273/km²,5
3105000014570,1397,1503,445,2243,209,2451,4,2263,261,358,2900,0.49812km²,5822/km²,8
310500001523A,559,713,108,807,357,1158,6,1076,65,117,1272,0.28484km²,4466/km²,10
3105000016844,718,696,320,1046,48,1089,5,1000,207,197,1414,0.47592km²,2971/km²,8
3105000012860,860,1011,307,1222,342,1534,30,1634,100,129,1871,0.36013km²,5195/km²,8
3105000012521,1816,1885,666,2730,298,3009,26,3115,347,214,3701,0.47721km²,7755/km²,7
3105000014176,974,1029,422,1331,244,1520,61,1511,314,171,2003,0.25386km²,7890/km²,
3105000016755,428,447,242,616,17,633,,650,132,82,875,0.46292km²,1890/km²,
3105000015723,858,1021,483,1301,86,1378,18,1181,288,395,1879,0.27850km²,6747/km²,5
3105000012729,560,611,142,761,268,1017,12,916,125,125,1171,0.24083km²,4862/km²,5
3105000010826,1900,1955,774,2585,496,2971,110,2830,627,368,3855,0.53497km²,7206/km²,14
3105000013159,1674,1786,706,2269,455,2633,121,2480,625,314,3460,0.47268km²,7320/km²,9
3105000016187,290,316,187,398,21,400,19,374,82,149,606,0.069910km²,8668/km²,
3105000014072,591,656,120,732,391,1120,7,1068,39,129,1247,0.24674km²,5054/km²,
3105000014138,1332,1408,564,1825,326,2102,74,1998,437,276,2740,0.34244km²,8001/km²,3
3105000011773,1307,1464,478,1965,327,2257,36,2295,328,144,2771,0.52858km²,5242/km²,
3105000013708,658,804,165,1052,245,1292,5,1262,92,93,1462,0.43357km²,3372/km²,5
3105000011716,956,1099,202,1201,652,1844,9,1758,64,206,2055,0.50197km²,4094/km²,7
310500001509A,740,850,222,1198,170,1360,8,1312,144,128,1590,0.25441km²,6250/km²,5
3105000015672,1321,1359,702,1901,77,1956,22,1809,481,380,2680,0.31810km²,8425/km²,10
3105000011241,1270,1369,513,1737,389,2085,41,2142,278,210,2639,0.19905km²,13258/km²,
3105000015598,906,1011,267,1453,195,1647,3,1691,96,119,1917,0.81574km²,2350/km²,3
3105000014481,1450,1520,518,2245,168,2422,30,2171,393,358,2970,0.42131km²,7049/km²,9
3105000015831,1437,1451,762,2016,110,2118,8,2131,431,309,2888,0.38756km²,7452/km²,16
3105000015719,1412,1538,788,2056,106,2144,18,2141,488,304,2950,0.41582km²,7094/km²,16
3105000012517,507,601,117,803,188,987,4,939,73,91,1108,0.29020km²,3818/km²,
3105000013290,1320,1376,661,1877,151,1912,123,1831,582,272,2696,0.46619km²,5783/km²,4
3105000014195,922,1154,269,1613,186,1801,6,1621,138,282,2076,0.46849km²,4431/km²,19
3105000013430,930,1091,266,1555,200,1743,12,1590,226,198,2021,0.21504km²,9398/km²,4
3105000012540,676,776,167,1091,192,1282,3,1159,93,189,1452,0.37251km²,3898/km²,4
3105000013765,1063,1156,325,1761,133,1891,3,1752,258,204,2219,0.25256km²,8786/km²,5
3105000014829,1277,1335,513,1990,105,2073,26,2150,292,164,2612,0.29352km²,8899/km²,
3105000012907,2465,2719,1108,3713,361,4001,75,4288,521,364,5184,0.33490km²,15479/km²,9
3105000012574,78,111,36,144,9,153,,175,5,8,189,0.091380km²,2068/km²,
3105000014161,864,931,414,1246,135,1314,67,1074,448,268,1795,0.32343km²,5550/km²,
3105000013055,994,1052,429,1372,241,1539,78,1372,499,169,2046,0.58557km²,3494/km²,
3105000014104,762,911,195,1059,419,1461,17,1296,123,253,1673,0.41079km²,4073/km²,
3105000015780,1012,1010,584,1377,60,1429,9,1393,318,302,2022,0.33021km²,6123/km²,8
3105000013854,1473,1522,662,2209,124,2301,32,2090,494,393,2995,0.38338km²,7812/km²,8
3105000015935,557,525,313,741,28,751,18,751,174,150,1082,0.38281km²,2826/km²,
310500001313A,1327,1466,575,1921,285,2151,67,2076,424,274,2793,0.29838km²,9361/km²,7
310500001060A,2828,3060,980,3885,1023,4791,117,4830,622,421,5888,1.189km²,4952/km²,12
3105000010686,1306,1404,484,1787,436,2168,58,2178,353,174,2710,0.35662km²,7599/km²,
3105000013996,846,926,315,1307,134,1440,17,1430,159,163,1772,0.37097km²,4777/km²,3
3105000015687,1379,1451,813,1922,91,1995,22,1822,601,390,2830,0.35821km²,7900/km²,11
3105000014354,419,441,284,557,19,554,22,516,169,175,860,0.13901km²,6187/km²,
3105000012771,1431,1573,572,2271,161,2400,32,2364,384,253,3004,0.29356km²,10233/km²,
3105000015738,958,1021,494,1415,70,1470,15,1423,311,243,1979,0.29717km²,6659/km²,
3105000016153,530,526,280,742,34,767,9,646,126,284,1056,0.092320km²,11438/km²,
3105000012964,1006,1050,436,1446,174,1563,57,1526,307,223,2056,0.36902km²,5572/km²,
3105000011824,1721,1814,712,2471,349,2745,78,2806,446,277,3535,0.65961km²,5359/km²,
3105000014142,775,834,339,1088,178,1245,25,1287,226,86,1609,0.096390km²,16693/km²,
3105000012292,745,771,208,1136,142,1278,30,1114,244,125,1516,0.44750km²,3388/km²,
3105000012358,97,113,14,124,72,196,,178,13,15,210,0.23134km²,907.8/km²,
3105000010440,350,410,48,467,245,709,3,518,85,145,760,0.54284km²,1400/km²,9
3105000013036,704,785,182,1088,216,1292,15,1259,115,104,1489,0.43579km²,3417/km²,7
3105000010506,250,279,81,330,118,448,,387,85,50,529,0.60937km²,868.1/km²,
3105000012841,749,780,326,1043,160,1166,37,1093,293,138,1529,0.21853km²,6997/km²,5
310500001199A,633,586,234,871,114,926,59,1044,73,93,1219,1.819km²,670.3/km²,
3105000754439,9,12,4,16,,17,,15,,5,21,0.081990km²,256.1/km²,
3105000013905,1358,1572,477,2211,224,2440,13,2228,294,382,2930,0.59060km²,4961/km²,5
3105000010455,158,221,27,264,88,334,18,296,10,69,379,0.62885km²,602.7/km²,3
3105000013106,860,958,378,1295,141,1428,12,1343,293,176,1818,0.22767km²,7985/km²,
3105000012428,800,848,223,1146,278,1397,28,1289,159,190,1648,0.41660km²,3956/km²,3
3105000013572,965,1136,349,1617,135,1713,39,1724,232,143,2101,0.46631km²,4506/km²,
3105000012894,1887,2029,768,2837,310,3095,53,3275,364,263,3916,0.43309km²,9042/km²,5
3105000011472,751,909,158,1024,476,1499,3,1486,54,109,1660,0.59693km²,2781/km²,
3105000010807,2109,2190,781,2889,629,3419,99,3388,537,365,4299,0.57695km²,7451/km²,5
3105000014509,598,613,230,916,65,961,20,846,237,120,1211,0.22664km²,5343/km²,4
3105000015649,1357,1480,623,2102,112,2204,10,2198,362,254,2837,0.28108km²,10093/km²,6
3105000014123,1120,1248,469,1573,326,1817,82,1847,359,160,2368,0.31037km²,7630/km²,
3105000015117,777,799,353,1086,130,1151,72,1048,323,197,1576,0.38275km²,4118/km²,
3105000012786,1665,1767,607,2650,172,2795,30,2695,413,317,3432,0.31386km²,10935/km²,
3105000010436,778,996,179,1087,497,1577,18,1302,194,254,1774,0.49541km²,3581/km²,12
3105000015013,862,893,282,1260,174,1402,71,1374,208,127,1755,0.39639km²,4427/km²,6
3105000015386,,,,,,3,,,,,3,0.90317km²,3.322/km²,
3105000014091,268,317,59,350,176,523,3,454,40,84,585,0.33556km²,1743/km²,7
3105000013178,821,921,326,1193,223,1407,9,1354,283,103,1742,0.20290km²,8586/km²,
3105000016401,778,823,328,1080,193,1237,36,1173,307,115,1601,0.25120km²,6373/km²,4
3105000011504,701,840,171,921,449,1355,15,1222,117,188,1541,0.50658km²,3042/km²,8
3105000010510,106,105,23,142,46,184,4,149,23,35,211,0.56407km²,374.1/km²,
3105000010281,434,544,124,623,231,840,14,785,91,100,978,0.43450km²,2251/km²,
3105000016172,60,59,37,81,,82,,74,36,9,119,0.015730km²,7565/km²,
310500001231A,1418,1617,376,2419,240,2648,11,2388,317,321,3035,0.38751km²,7832/km²,5
3105000012381,297,360,77,391,189,575,5,580,19,41,657,0.22332km²,2942/km²,4
3105000011699,787,868,154,1185,316,1489,12,1341,148,123,1655,0.66768km²,2479/km²,7
3105000013426,808,931,211,1391,137,1528,,1377,188,157,1739,0.25242km²,6889/km²,4
310500001530A,1047,1228,358,1531,386,1879,38,1924,190,158,2275,0.36356km²,6258/km²,
3105000015795,729,758,394,1033,60,1085,8,1057,240,179,1487,0.29789km²,4992/km²,11
310500001306A,1477,1523,604,1939,448,2301,95,2360,431,189,3000,0.50714km²,5916/km²,10
3105000014299,126,105,59,149,23,160,12,154,26,49,231,0.35805km²,645.2/km²,
3105000012409,346,428,65,491,218,704,5,661,46,48,774,0.41563km²,1862/km²,13
310500001466A,1516,1809,612,2495,218,2703,10,2645,339,323,3325,0.59928km²,5548/km²,4
3105000012201,1102,1186,383,1627,238,1876,29,1739,289,208,2288,0.52416km²,4365/km²,4
3105000014532,118,140,56,193,9,202,,175,45,38,258,0.035240km²,7321/km²,
310500001384A,1541,1613,688,2356,110,2438,28,2363,415,361,3154,0.59071km²,5339/km²,13
3105000010741,1552,1573,555,2097,473,2515,55,2618,260,241,3125,0.43380km²,7204/km²,
3105000014710,208,191,116,263,20,261,22,242,87,70,399,0.057710km²,6914/km²,
3105000016134,646,641,361,854,72,882,44,812,304,171,1287,0.68847km²,1869/km²,
3105000011218,1034,1166,377,1352,471,1790,33,1822,272,105,2200,0.33897km²,6490/km²,
3105000015634,869,941,326,1404,77,1473,11,1347,272,187,1810,0.32716km²,5532/km²,
3105000010421,1090,1191,344,1411,526,1921,16,1818,211,229,2281,0.87700km²,2601/km²,4
3105000016416,362,379,184,501,56,523,34,431,191,116,741,0.49177km²,1507/km²,
3105000010296,435,564,90,625,279,898,11,782,63,139,999,0.45372km²,2202/km²,5
3105000015225,466,576,104,655,283,922,16,853,51,131,1042,0.47597km²,2189/km²,5
3105000012644,1049,1104,359,1475,319,1755,39,1699,261,183,2153,0.34212km²,6293/km²,4
3105000016628,1740,1880,856,2580,184,2759,5,2689,508,406,3620,0.85821km²,4218/km²,12
3105000016505,1070,1109,431,1605,143,1714,34,1578,310,274,2179,1.676km²,1300/km²,3
3105000011843,1534,1577,691,2159,261,2302,118,2131,482,488,3111,0.77102km²,4035/km²,4
3105000013197,650,739,221,950,218,1157,11,1117,203,68,1389,0.16361km²,8490/km²,
3105000012451,754,809,304,1127,132,1219,40,1170,239,147,1563,0.78103km²,2001/km²,6
3105000010525,756,830,163,1007,416,1402,21,1305,156,115,1586,0.67929km²,2335/km²,
3105000015850,730,777,381,1076,45,1123,3,1133,191,175,1507,0.30338km²,4967/km²,3
3105000013271,1360,1521,609,2039,229,2215,57,2182,414,277,2881,0.49968km²,5766/km²,3
3105000014068,536,655,126,772,262,1054,11,951,92,113,1191,0.37158km²,3205/km²,
3105000011487,1004,1077,343,1382,356,1715,23,1640,210,223,2081,0.38702km²,5377/km²,8
3105000010667,1708,1868,570,2400,597,2941,65,3024,301,239,3576,0.56504km²,6329/km²,3
3105000012502,805,890,196,1233,211,1492,7,1436,75,120,1695,0.96331km²,1760/km²,7
3105000010671,1783,1919,609,2443,650,3038,55,2902,481,315,3702,0.59610km²,6210/km²,3
3105000011561,764,818,131,1208,243,1445,6,1213,96,263,1582,0.49512km²,3195/km²,7
3105000013869,328,335,191,444,28,449,23,419,117,127,663,0.11617km²,5707/km²,
3105000013549,,,,,,,,,,,0,0.36898km²,0/km²,
3105000015189,816,951,318,1315,134,1442,7,1434,173,153,1767,0.38530km²,4586/km²,4
3105000012610,843,947,376,1276,138,1396,18,1408,282,96,1790,0.15075km²,11874/km²,4
3105000015846,1077,1115,542,1550,93,1647,3,1613,277,273,2192,0.49919km²,4391/km²,18
310500001288A,1560,1719,650,2324,304,2545,84,2558,427,284,3279,0.56572km²,5796/km²,8
3105000012606,777,808,263,1110,212,1293,29,1234,162,184,1585,0.40147km²,3948/km²,4
3105000015776,1409,1511,628,2150,139,2287,5,2252,321,328,2920,0.70625km²,4135/km²,14
3105000014284,598,691,253,953,83,1031,5,985,90,204,1289,1.560km²,826.4/km²,
3105000014621,685,766,246,1064,140,1194,11,1206,97,125,1451,0.39463km²,3677/km²,4
3105000015032,857,854,344,1208,150,1314,53,1167,317,218,1711,0.20941km²,8171/km²,
310500001039A,1287,1385,462,1811,399,2120,90,2136,327,205,2672,0.34810km²,7676/km²,
3105000012875,1109,1204,396,1506,411,1865,52,1884,283,143,2313,0.38950km²,5938/km²,
3105000014937,14,8,5,14,3,17,,21,,,22,1.383km²,15.91/km²,
3105000016488,1266,1307,420,1856,297,2094,59,1853,371,311,2573,0.47377km²,5431/km²,11
3105000015761,594,610,230,944,30,974,,816,180,204,1204,1.215km²,991.3/km²,3
3105000010366,1159,1336,374,1582,539,2087,34,2095,205,188,2495,0.49880km²,5002/km²,6
3105000016825,3472,3772,2006,5041,196,5208,30,5126,1098,886,7244,1.327km²,5460/km²,14
3105000015210,343,408,79,428,242,668,4,629,30,74,751,0.56866km²,1321/km²,11
3105000013801,1444,1455,584,2199,116,2282,33,2223,414,252,2899,0.24648km²,11762/km²,8
3105000933816,69,59,31,92,5,97,,92,23,13,128,0.20615km²,620.9/km²,
3105000013182,1178,1317,425,1771,295,2048,22,2023,294,165,2495,0.25972km²,9606/km²,3
3105000013676,451,473,161,666,97,757,6,793,66,54,924,0.35704km²,2588/km²,6
3105000012926,786,890,248,1236,163,1420,8,1357,185,105,1676,0.48001km²,3492/km²,
3105000015136,2359,2482,1245,3454,142,3573,23,3592,743,497,4841,0.52128km²,9287/km²,6
3105000011453,357,420,70,527,178,707,,678,40,55,777,0.43871km²,1771/km²,
3105000011805,1492,1699,440,2319,429,2706,45,2546,314,303,3191,0.66685km²,4785/km²,12
3105000015757,1349,1442,725,1962,104,2061,5,1890,480,407,2791,0.60175km²,4638/km²,11
3105000012714,731,820,217,1036,298,1315,19,1289,162,92,1551,0.29829km²,5200/km²,7
3105000013746,1762,1920,504,2887,275,3164,14,2703,418,528,3682,0.67387km²,5464/km²,11
3105000010347,1417,1656,440,1984,634,2591,42,2522,303,219,3073,0.63326km²,4853/km²,12
3105000012748,908,1051,230,1485,244,1721,8,1588,174,191,1959,0.61943km²,3163/km²,5
3105000014157,749,770,286,1091,142,1217,16,1251,162,104,1519,0.092230km²,16470/km²,
3105000010402,1057,1191,400,1504,333,1813,35,1751,282,199,2248,0.34853km²,6450/km²,4
3105000016543,860,927,279,1331,177,1501,7,1381,169,213,1787,0.53054km²,3368/km²,4
3105000012447,763,901,225,1051,388,1426,13,1432,107,123,1664,0.36683km²,4536/km²,
3105000014528,254,281,126,397,12,409,,431,54,48,535,0.041320km²,12948/km²,
3105000012911,1195,1268,365,1758,312,2065,33,1913,276,236,2463,0.40925km²,6018/km²,6
3105000014617,460,554,119,712,183,880,15,864,54,93,1014,0.26750km²,3791/km²,
3105000011684,475,496,378,581,12,593,,667,120,165,971,0.84288km²,1152/km²,
3105000014636,1031,1194,333,1760,127,1885,7,1799,202,210,2225,0.27498km²,8091/km²,5
3105000014852,342,470,85,484,240,720,7,705,34,66,812,0.25019km²,3246/km²,
3105000012945,1103,1234,434,1565,338,1861,42,1857,297,169,2337,0.28594km²,8173/km²,11
310500001605A,1457,1414,795,1951,125,1975,101,1723,678,466,2871,0.63912km²,4492/km²,
310500001473A,1702,1708,988,2316,106,2356,66,2279,644,481,3410,0.71685km²,4757/km²,4
3105000015511,103,99,55,139,8,147,,142,40,19,202,0.084150km²,2400/km²,
3105000013040,868,1084,271,1292,387,1644,37,1389,305,238,1952,0.36678km²,5322/km²,9
3105000012822,919,950,393,1339,137,1407,69,1433,301,130,1869,0.49410km²,3783/km²,
3105001116276,80,72,46,102,4,101,5,122,17,13,152,0.18589km²,817.7/km²,
3105000015865,1087,1248,568,1683,84,1760,7,1723,287,322,2335,0.92713km²,2519/km²,3
3105000016473,1225,1441,429,1882,355,2198,39,2015,339,305,2666,0.48228km²,5528/km²,6
3105000014725,1265,1273,619,1778,141,1799,120,1602,580,355,2538,1.009km²,2515/km²,
3105000013657,601,650,264,884,103,949,38,875,174,193,1251,0.40031km²,3125/km²,
3105000014994,610,643,209,925,119,1031,13,928,150,167,1253,0.31976km²,3919/km²,5
3105000012413,1379,1584,418,2081,464,2502,43,2330,391,234,2963,0.71524km²,4143/km²,
3105000013799,909,943,323,1433,96,1509,20,1448,222,169,1852,0.18820km²,9841/km²,12
3105000013591,132,157,48,232,9,238,3,253,,35,289,0.88435km²,326.8/km²,
3105000011557,636,671,193,953,150,1107,7,1144,44,98,1307,0.46754km²,2795/km²,
3105000013093,1321,1485,552,1940,313,2218,36,2177,406,213,2806,0.24428km²,11487/km²,3
3105000014848,368,429,104,549,140,684,9,648,75,66,797,0.30615km²,2603/km²,3
3105000012343,120,109,17,157,49,212,,190,8,25,229,0.30115km²,760.4/km²,
3105000015422,631,699,336,954,40,973,21,915,220,195,1330,0.27881km²,4770/km²,
3105000012733,1233,1355,395,1878,314,2141,52,1934,341,298,2588,0.61148km²,4232/km²,
3105000010224,297,397,54,418,222,637,3,510,47,129,694,0.85906km²,807.9/km²,7
3105000013286,1274,1355,620,1731,278,1865,144,1770,508,347,2629,0.40073km²,6561/km²,
3105000754443,1126,1119,512,1535,198,1601,132,2026,129,84,2245,1.054km²,2130/km²,
3105000776312,15,10,9,16,,16,,7,18,,25,0.014610km²,1711/km²,
3105000010262,1442,1571,440,1926,592,2526,47,2435,277,229,3013,0.79664km²,3782/km²,7
3105000015174,951,1093,311,1576,155,1729,4,1711,179,141,2044,0.36679km²,5573/km²,5
3105000010332,1296,1390,358,1773,555,2309,19,2227,219,227,2686,0.95199km²,2821/km²,8
3105000013341,626,678,203,892,121,1076,25,872,233,109,1304,0.33537km²,3888/km²,
3105000013017,1246,1470,420,1919,377,2287,9,2179,274,242,2716,0.40744km²,6666/km²,13
3105000012362,133,177,14,201,95,296,,276,4,27,310,0.23250km²,1333/km²,
3105000014250,1540,1576,647,2292,177,2399,70,2444,387,281,3116,0.64663km²,4819/km²,3
3105000016350,3,6,,6,,9,,,,7,9,0.022380km²,402.1/km²,
3105000015297,708,821,217,1022,287,1297,15,1233,187,97,1529,0.55331km²,2763/km²,3
3105000016524,1241,1283,394,1988,142,2123,7,1874,350,279,2524,0.29133km²,8664/km²,6
3105000012288,1649,1915,466,2787,306,3088,10,2747,335,454,3564,0.41153km²,8660/km²,4
3105000012377,118,167,30,177,78,255,,251,17,11,285,0.21329km²,1336/km²,5
3105000012254,987,1095,310,1590,177,1750,22,1583,293,196,2082,0.39666km²,5249/km²,
3105000014212,1165,1277,456,1592,387,1906,80,1901,346,183,2442,0.35977km²,6788/km²,4
3105000010328,518,645,127,707,329,1032,4,899,79,173,1163,0.62248km²,1868/km²,11
3105000011576,685,789,190,1089,195,1272,12,1189,135,146,1474,0.50635km²,2911/km²,
3105000012625,646,677,266,981,74,1045,12,1038,128,154,1323,1.302km²,1016/km²,
3105000016384,918,1098,329,1254,433,1665,22,1725,171,116,2016,0.17447km²,11555/km²,
3105000012485,427,491,128,582,208,786,4,765,80,72,918,0.25526km²,3596/km²,
3105000012080,923,917,390,1335,115,1416,34,1245,387,206,1840,0.29380km²,6263/km²,
3105000016007,149,173,105,199,18,210,7,157,90,75,322,0.19255km²,1672/km²,
3105000015009,779,834,258,1248,107,1344,11,1291,175,125,1613,0.56798km²,2840/km²,15
3105000015348,963,1098,391,1384,275,1628,42,1692,201,151,2061,0.30298km²,6802/km²,5
3105000012339,800,855,221,1105,305,1417,17,1349,168,111,1655,0.19417km²,8523/km²,
3105000016204,,,,,,,,,,,0,0.021400km²,0/km²,
3105000015390,16,17,12,20,,21,,30,,3,33,1.342km²,24.59/km²,
310500001338A,1490,1586,472,2353,251,2573,31,2298,351,398,3076,0.49389km²,6228/km²,10
310500001402A,761,812,375,1103,95,1138,60,1045,342,171,1573,0.52053km²,3022/km²,4
3105000010313,1023,1182,263,1401,520,1913,29,1498,231,447,2205,0.55044km²,4006/km²,7
3105000013712,1326,1445,413,2184,174,2353,5,2171,287,302,2771,0.31424km²,8818/km²,10
3105000015704,799,838,448,1127,58,1176,13,1217,243,165,1637,0.27568km²,5938/km²,5
310500001377A,2203,2352,854,3478,223,3676,25,3617,560,374,4555,0.78670km²,5790/km²,
3105000010737,1444,1595,521,2003,489,2457,61,2491,328,188,3039,0.41829km²,7265/km²,3
3105000012235,953,1142,230,1343,514,1857,8,1722,165,182,2095,0.32349km²,6476/km²,7
3105000014265,223,202,82,332,11,343,,307,49,68,425,0.088620km²,4796/km²,
3105000013356,896,944,268,1461,111,1560,12,1469,196,167,1840,0.42813km²,4298/km²,7
310500001345A,553,528,210,808,63,847,24,836,97,127,1081,1.159km²,932.5/km²,21
3105000015121,888,934,411,1264,147,1345,66,1221,365,233,1822,0.41267km²,4415/km²,
3105000012930,880,960,287,1208,345,1512,41,1518,200,113,1840,0.28708km²,6409/km²,8
3105000015066,565,658,181,922,120,1039,3,1044,63,98,1223,0.36649km²,3337/km²,18
3105000014674,74,74,45,98,5,98,5,91,30,27,148,0.12339km²,1199/km²,
3105001114405,2111,1984,1185,2671,203,2663,247,3129,601,328,4095,2.275km²,1800/km²,
3105000014693,1046,1127,507,1512,134,1614,52,1296,557,298,2173,0.35833km²,6064/km²,
3105000011650,709,739,334,998,111,1085,29,1145,176,111,1448,0.19310km²,7499/km²,8
3105000015155,1358,1415,727,1899,147,1932,114,1597,691,478,2773,0.47737km²,5809/km²,
310500001391A,1985,2072,803,3101,153,3236,18,3089,548,413,4057,0.55271km²,7340/km²,4
3105000010417,1293,1411,488,1811,400,2164,52,2101,368,229,2704,0.43210km²,6258/km²,
3105000013943,1631,1784,866,2373,124,2495,54,2373,625,360,3415,0.69756km²,4896/km²,5
3105000010648,1438,1517,497,1890,568,2421,37,2461,354,138,2955,0.43683km²,6765/km²,
3105000016168,7,7,4,10,,10,,6,,7,14,0.20551km²,68.12/km²,
3105000844373,186,174,87,252,21,256,17,279,44,33,360,0.54848km²,656.4/km²,3
3105000014335,301,312,126,474,13,487,,471,100,41,613,0.13304km²,4608/km²,
3105000012837,740,714,304,1027,123,1115,35,1113,207,131,1454,0.29056km²,5004/km²,3
3105000012697,503,521,213,708,103,786,25,707,133,184,1024,0.36956km²,2771/km²,
3105000014049,1850,1947,898,2732,154,2832,67,2819,579,384,3797,0.48876km²,7769/km²,
3105000013021,956,1102,248,1453,357,1795,15,1661,206,187,2058,0.31499km²,6534/km²,
3105000014833,553,591,148,850,146,972,24,935,127,76,1144,0.29444km²,3885/km²,
3105000015600,1167,1401,528,1862,178,2040,,2133,85,319,2568,1.085km²,2368/km²,10
3105000015920,63,80,20,113,10,123,,104,14,23,143,0.11543km²,1239/km²,
310500001295A,2013,2090,832,2768,503,3188,83,3181,585,323,4103,0.63744km²,6437/km²,
3105000014602,709,760,232,1130,107,1232,5,1209,102,134,1469,0.63457km²,2315/km²,
3105000015992,,,,,,24,,,,,24,0.86196km²,27.84/km²,
3105000012273,1257,1436,425,1966,292,2250,18,2038,342,300,2693,0.27792km²,9690/km²,
310500001587A,441,535,237,706,33,735,4,744,132,99,976,0.64528km²,1513/km²,
310500001270A,770,731,306,1070,125,1168,27,1130,230,139,1501,0.34907km²,4300/km²,
3105000012220,837,1038,233,1181,445,1638,4,1510,236,109,1875,0.24295km²,7718/km²,
3105000012324,774,905,210,1144,325,1461,8,1343,132,201,1679,0.17205km²,9759/km²,
3105000016149,1182,1178,667,1598,95,1646,47,1547,472,338,2360,0.49117km²,4805/km²,3
3105000010188,707,831,124,969,445,1404,10,1268,94,168,1538,0.42623km²,3608/km²,
3105000010120,649,795,160,947,337,1263,21,1221,103,111,1444,0.32571km²,4433/km²,4
3105000014496,1418,1605,416,2365,242,2598,9,2370,301,332,3023,0.43216km²,6995/km²,13
3105000015085,859,977,286,1228,319,1516,34,1504,180,148,1836,0.30147km²,6090/km²,
3105000013360,1071,1210,367,1738,176,1879,35,1602,352,305,2281,0.39785km²,5733/km²,5
3105000011345,1038,1175,382,1444,387,1805,26,1822,265,118,2213,0.55355km²,3998/km²,
310500001181A,1312,1449,526,1951,284,2149,86,2148,380,233,2761,0.60730km²,4546/km²,
3105000013002,616,688,217,927,149,1053,34,1047,181,64,1304,0.54180km²,2407/km²,
3105000013089,1255,1245,612,1764,124,1801,87,1731,482,285,2500,0.74434km²,3359/km²,
3105000013110,1529,1603,836,2116,175,2215,81,1840,701,585,3132,0.55737km²,5619/km²,
3105000013483,2401,2337,1350,3174,191,3237,151,2925,1177,609,4738,1.269km²,3733/km²,
3105000013619,1444,1409,796,1937,120,1921,136,1774,612,464,2853,0.48451km²,5888/km²,3
3105000014015,1164,1159,679,1551,93,1588,56,1358,612,337,2323,0.67821km²,3425/km²,
3105000014763,192,212,126,248,30,267,11,254,94,56,404,0.081250km²,4972/km²,
3105000014960,211,239,109,326,15,338,3,371,11,51,450,1.032km²,436.1/km²,
3105000014975,174,139,54,239,20,259,,253,38,22,313,1.290km²,242.7/km²,
310500001516A,1104,1148,632,1528,92,1542,78,1185,537,526,2252,0.72135km²,3122/km²,
3105000015333,1123,1193,498,1545,273,1753,65,1711,406,197,2316,0.27644km²,8378/km²,
3105000015437,698,714,369,1019,24,1024,19,977,220,213,1412,0.29766km²,4744/km²,
3105000015456,350,349,221,457,21,443,35,411,164,122,699,0.083070km²,8415/km²,
3105000015526,870,949,388,1344,80,1431,,1393,181,232,1819,1.081km²,1683/km²,6
3105000015808,1204,1225,670,1664,93,1748,11,1623,417,367,2429,0.30507km²,7962/km²,19
3105000015812,1180,1222,612,1695,95,1776,14,1681,388,315,2402,0.42988km²,5588/km²,18
3105000015884,858,914,463,1250,59,1305,4,1244,198,323,1772,0.35959km²,4928/km²,7
3105000015973,684,684,446,873,49,884,38,810,304,252,1368,0.41357km²,3308/km²,
3105000016030,895,942,531,1221,85,1245,61,1057,460,320,1837,0.47953km²,3831/km²,
3105000016045,2758,2771,1976,3402,151,3406,147,3114,1320,1084,5529,0.82503km²,6702/km²,6
3105000016064,834,767,485,1048,65,1067,49,838,381,379,1601,1.075km²,1490/km²,
3105000016219,64,72,37,88,11,94,5,75,22,38,136,0.16451km²,826.7/km²,
310500001644A,134,97,37,171,23,190,4,157,55,17,231,1.032km²,223.8/km²,
3105000016469,707,812,323,1118,78,1196,,1110,200,201,1519,0.23837km²,6372/km²,5
3105000016613,549,591,311,802,27,829,,758,178,195,1140,0.74256km²,1535/km²,8
3105000016632,1570,1773,700,2462,181,2635,8,2443,395,480,3343,0.48777km²,6854/km²,16
3105000016666,707,706,396,974,33,1003,14,859,294,245,1413,0.16928km²,8347/km²,4
3105000016721,1887,2064,1019,2807,125,2927,5,3123,437,358,3951,0.49688km²,7952/km²,12
310500001683A,1459,1624,739,2239,105,2336,8,2063,528,471,3083,0.53302km²,5784/km²,20
310500075441A,66,71,35,101,,94,8,122,12,3,137,0.10529km²,1301/km²,
3105000775530,51,46,36,60,,57,4,71,10,15,97,0.12898km²,752.1/km²,
3105000776327,50,45,41,51,3,54,,39,26,29,95,0.063860km²,1488/km²,
3105000774956,78,81,38,107,14,117,4,91,29,38,159,1.281km²,124.1/km²,
3105000774388,1224,1184,555,1699,154,1747,106,1405,638,352,2408,0.95135km²,2531/km²,
3105000842184,323,360,90,487,106,582,11,631,16,34,683,1.566km²,436.2/km²,
3105000845193,854,886,369,1219,152,1329,42,1452,144,134,1740,0.92619km²,1879/km²,
3105000845206,1202,1222,505,1703,216,1856,63,1958,280,171,2424,1.344km²,1804/km²,
3105000845545,74,77,33,102,16,118,,130,5,11,151,0.62289km²,242.4/km²,5
3105000846308,13,7,6,14,,14,,13,6,,20,0.069060km²,289.6/km²,
3105000016098,189,191,61,298,21,319,,281,56,43,380,2.296km²,165.5/km²,
310500001498A,119,101,38,166,16,182,,134,39,28,220,0.72630km²,302.9/km²,3
3105000016897,1033,1070,370,1620,113,1730,3,1510,258,317,2103,0.28460km²,7389/km²,6
3105000013411,1652,1958,500,2827,280,3099,11,2795,462,339,3610,0.51141km²,7059/km²,7
3105000014231,813,948,173,1349,239,1585,3,1432,127,191,1761,0.20541km²,8573/km²,
3105000012593,1026,1222,322,1637,289,1894,32,1868,178,196,2248,1.063km²,2116/km²,5
3105000016647,1742,1934,841,2675,160,2830,5,2720,460,477,3676,0.45063km²,8157/km²,11
3105000016083,572,579,250,836,65,897,4,880,145,115,1151,2.399km²,479.8/km²,7
310500001690A,650,764,278,1065,71,1132,4,1056,161,189,1414,0.19606km²,7212/km²,8
3105000016948,215,233,120,314,14,328,,364,29,40,448,0.77545km²,577.7/km²,7
3105000016990,605,602,307,866,34,897,3,940,148,112,1207,0.18085km²,6674/km²,5
3105000017005,710,802,388,1084,40,1119,5,1142,212,157,1512,0.19211km²,7870/km²,
3105000016967,172,188,68,269,23,286,6,334,5,15,360,0.26327km²,1367/km²,
3105000015916,1058,1280,612,1589,137,1722,4,1926,135,239,2338,1.128km²,2073/km²,13
3105000013074,2912,3014,1772,3925,229,4007,147,3996,1266,659,5926,1.053km²,5628/km²,
3105000014744,239,302,165,371,5,370,6,403,60,76,541,0.048450km²,11166/km²,
3105000014778,1028,1142,430,1612,128,1735,5,1536,231,384,2170,0.40940km²,5300/km²,14
3105000845352,192,209,96,280,25,305,,312,32,49,401,0.28515km²,1406/km²,
3105000015494,2336,2458,1376,3297,121,3400,18,3264,891,622,4794,1.137km²,4216/km²,15
3105000015988,1027,1108,611,1462,60,1521,3,1569,308,247,2135,0.44691km²,4777/km²,8
3105000845367,235,273,132,350,26,376,,392,48,63,508,0.29310km²,1733/km²,4
3105000846933,193,224,34,92,12,383,,116,12,9,417,0.24253km²,1719/km²,
3105000756562,1191,1196,647,1530,164,1596,144,1931,282,124,2387,1.280km²,1865/km²,3
3105000015579,658,703,385,931,45,965,11,978,199,162,1361,0.28352km²,4800/km²,10
3105000754458,1158,1180,591,1596,134,1637,110,1967,227,126,2338,1.199km²,1950/km²,
3105000756577,823,758,443,1045,93,1029,109,1478,55,47,1581,0.86451km²,1829/km²,
3105000016191,119,141,94,156,10,163,3,116,89,50,260,0.061980km²,4195/km²,
3105000015691,1597,1655,865,2300,87,2352,35,2144,651,443,3252,0.42725km²,7611/km²,6
3105000014759,394,395,267,489,33,504,18,434,185,159,789,0.22736km²,3470/km²,11
3105000016558,874,967,320,1371,150,1494,27,1375,313,149,1841,0.21867km²,8419/km²,
3105000845954,216,200,99,267,50,317,,349,21,39,416,0.43190km²,963.2/km²,
310500001078A,717,738,391,1004,60,1050,14,1043,271,141,1455,6.608km²,220.2/km²,
3105000013445,884,896,409,1247,123,1300,71,1285,291,166,1780,1.454km²,1224/km²,30
3105000015969,150,140,72,190,28,203,15,144,105,40,290,0.26206km²,1107/km²,
3105000016365,837,958,298,1367,130,1480,17,1332,219,238,1795,0.24668km²,7277/km²,
3105000016670,234,260,156,320,18,332,6,297,93,95,494,0.048100km²,10270/km²,6
3105000755564,10,14,7,17,,17,,23,,,24,0.083490km²,287.5/km²,
3105000754424,17,20,15,22,,22,,28,,8,37,0.032970km²,1122/km²,
3105000756011,16,8,4,20,,20,,23,,,24,0.064240km²,373.6/km²,
3105000774941,24,18,11,29,,31,,31,10,,42,0.11525km²,364.4/km²,
3105000935668,779,766,424,1040,81,1073,48,979,298,267,1545,0.69826km²,2213/km²,
3105000933820,,,,,,5,,,,,5,0.098670km²,50.67/km²,
3105000932127,1256,1197,582,1687,184,1773,98,1353,563,536,2453,1.079km²,2274/km²,
3105000774392,1076,1067,520,1452,171,1545,78,1214,665,229,2143,1.486km²,1442/km²,21
3105000843568,527,549,126,380,54,950,,434,59,52,1076,1.421km²,757.1/km²,6
310500093555A,27,25,13,36,3,39,,12,29,11,52,0.11568km²,449.5/km²,
3105000935653,698,673,342,944,85,970,59,633,426,311,1371,1.570km²,873.1/km²,
3105000842199,1546,1588,714,2167,253,2331,89,2480,357,284,3134,1.214km²,2582/km²,5
3105000776331,37,28,18,47,,47,,32,27,5,65,0.18775km²,346.2/km²,
310500001676A,174,194,83,263,22,285,,292,28,44,368,0.085220km²,4318/km²,
3105000016454,1037,1097,428,1601,105,1703,3,1511,281,323,2134,0.35752km²,5969/km²,10
3105000017024,481,534,187,774,54,828,,722,111,166,1015,0.27716km²,3662/km²,9
3105000016914,302,330,131,468,33,501,,473,62,85,632,0.68968km²,916.4/km²,4
3105000016929,202,254,107,331,18,349,,359,40,50,456,0.25253km²,1806/km²,6
3105000016806,564,599,256,852,55,907,,961,74,119,1163,0.52548km²,2213/km²,7
3105000016740,1326,1309,723,1865,47,1903,9,1786,423,421,2635,1.450km²,1817/km²,5
3105000016878,1471,1520,820,2111,59,2151,20,2028,499,437,2991,0.51079km²,5856/km²,19
3105000014462,604,659,262,940,58,1001,,835,213,205,1263,0.36217km²,3487/km²,6
3105000014871,328,285,144,439,30,451,18,391,135,85,613,2.292km²,267.5/km²,
3105000017039,92,75,61,105,,106,,97,39,30,167,0.038130km²,4380/km²,
3105000015475,983,1078,423,1508,123,1632,6,1380,321,346,2061,0.31349km²,6574/km²,3
3105000014903,1038,1077,511,1493,100,1598,6,1497,332,259,2115,0.66169km²,3196/km²,13
3105000016257,110,111,46,159,16,175,,195,6,15,221,1.071km²,206.4/km²,4
3105000016789,188,245,63,367,3,370,,291,51,81,433,0.60889km²,711.1/km²,
3105000016581,13,8,,14,5,16,5,8,7,6,21,0.24201km²,86.77/km²,
3105000016810,1654,1696,885,2385,80,2456,9,2261,570,510,3350,0.49821km²,6724/km²,7
3105000016882,801,861,386,1238,38,1267,9,1129,278,254,1662,0.38401km²,4328/km²,
3105000016793,1768,1889,806,2654,197,2845,6,2650,417,567,3657,0.82400km²,4438/km²,11
3105000017043,152,159,56,243,12,255,,202,46,55,311,0.31318km²,993.0/km²,5
3105000013873,1033,1025,684,1302,70,1316,58,1248,556,246,2058,0.85546km²,2406/km²,
3105000016952,1038,1094,567,1536,29,1558,7,1468,337,315,2132,0.43150km²,4941/km²,9
3105000016986,332,324,168,484,4,483,5,439,114,102,656,0.37979km²,1727/km²,
3105000016859,629,696,505,781,39,789,31,637,337,343,1325,0.11366km²,11658/km²,4
3105000013604,357,351,195,452,44,482,31,410,176,105,708,0.38189km²,1854/km²,
3105000013977,2421,2741,887,4008,265,4184,91,4167,594,391,5162,0.50695km²,10182/km²,8
3105000014640,809,904,277,1344,89,1426,10,1345,169,191,1713,0.37568km²,4560/km²,6
3105000013303,2075,2301,797,3263,292,3540,39,3619,410,312,4376,0.33635km²,13010/km²,8
3105000014585,236,202,80,314,44,358,,355,25,51,438,0.22628km²,1936/km²,7
3105000014180,948,1176,224,1354,544,1892,8,1755,138,212,2124,0.44643km²,4758/km²,12
3105000015028,1114,1311,338,1843,244,2079,8,2026,124,244,2425,0.46115km²,5259/km²,24
3105000011608,751,884,230,1030,375,1379,26,1359,121,139,1635,0.41349km²,3954/km²,7
3105000015441,460,419,259,557,50,583,37,543,179,137,879,0.40985km²,2145/km²,3
3105000015460,1264,1354,556,1890,169,2058,4,1933,302,357,2618,0.39955km²,6552/km²,16
3105000015899,114,115,66,148,15,155,8,105,72,50,229,0.27157km²,843.2/km²,
3105000016100,128,102,40,157,33,181,9,150,60,16,230,0.89385km²,257.3/km²,
3105000016863,816,804,455,1147,18,1157,8,1019,305,285,1620,0.20945km²,7735/km²,9
3105000013500,1211,1218,729,1597,97,1588,112,1440,522,457,2429,1.709km²,1421/km²,
3105000016242,,,,,,,,,,,0,0.97210km²,0/km²,
310500001669A,1193,1339,539,1889,104,1993,,1891,215,410,2532,0.97292km²,2602/km²,11
3105000016971,486,567,220,782,51,833,,779,109,163,1053,0.33524km²,3141/km²,
3105000016261,277,293,115,421,34,455,,439,66,63,570,0.58024km²,982.4/km²,
3105000016774,1363,1428,647,2057,87,2141,3,2048,360,372,2791,0.53150km²,5251/km²,5
310500001594A,458,444,195,654,53,707,,684,78,131,902,0.12854km²,7017/km²,9
310500001427A,402,407,207,551,51,602,,655,33,105,809,1.534km²,527.5/km²,6
3105000016717,1260,1284,685,1775,84,1856,3,2012,269,254,2544,0.39415km²,6454/km²,5
310500001701A,1084,1044,577,1532,19,1538,13,1236,407,478,2128,0.11884km²,17906/km²,6
310500001562A,304,308,173,404,35,412,27,407,93,111,612,0.60001km²,1020/km²,
3105000016420,76,63,25,105,9,106,8,90,20,29,139,0.26080km²,533.0/km²,
3105000014689,1909,2050,1025,2746,188,2861,73,2652,781,517,3959,0.63873km²,6198/km²,9
3105000016651,1640,1807,699,2585,162,2745,3,2555,438,423,3447,0.62339km²,5529/km²,16
